"Date","Price","Open","High","Low","Vol.","Change %"
"30-08-2024","25,235.90","25,249.70","25,268.35","25,199.40","638.17M","0.33%"
"29-08-2024","25,151.95","25,035.30","25,192.90","24,998.50","353.99M","0.40%"
"28-08-2024","25,052.35","25,030.80","25,129.60","24,964.65","220.42M","0.14%"
"27-08-2024","25,017.75","25,024.80","25,073.10","24,973.65","223.35M","0.03%"
"26-08-2024","25,010.60","24,906.10","25,043.80","24,874.70","210.27M","0.76%"
"23-08-2024","24,823.15","24,845.40","24,858.40","24,771.65","206.80M","0.05%"
"22-08-2024","24,811.50","24,863.40","24,867.35","24,784.45","220.35B","0.17%"
"21-08-2024","24,770.20","24,680.55","24,787.95","24,654.50","257.11B","0.29%"
"20-08-2024","24,698.85","24,648.90","24,734.30","24,607.20","238.32B","0.51%"
"19-08-2024","24,572.65","24,636.35","24,638.80","24,522.95","243.65B","0.13%"
"16-08-2024","24,541.15","24,334.85","24,563.90","24,204.50","271.61B","1.65%"
"14-08-2024","24,143.75","24,184.40","24,196.50","24,099.70","303.25B","0.02%"
"13-08-2024","24,139.00","24,342.35","24,359.95","24,116.50","239.73B","-0.85%"
"12-08-2024","24,347.00","24,320.05","24,472.80","24,212.10","279.93B","-0.08%"
"09-08-2024","24,367.50","24,386.85","24,419.75","24,311.20","215.13B","1.04%"
"08-08-2024","24,117.00","24,248.55","24,340.50","24,079.70","311.88B","-0.74%"
"07-08-2024","24,297.50","24,289.40","24,337.70","24,184.90","317.56B","1.27%"
"06-08-2024","23,992.55","24,189.85","24,382.60","23,960.40","312.34B","-0.26%"
"05-08-2024","24,055.60","24,302.85","24,350.05","23,893.70","486.99B","-2.68%"
"02-08-2024","24,717.70","24,789.00","24,851.90","24,686.85","345.03B","-1.17%"
"01-08-2024","25,010.90","25,030.95","25,078.30","24,956.40","431.31B","0.24%"
"31-07-2024","24,951.15","24,886.70","24,984.60","24,856.50","333.65B","0.38%"
"30-07-2024","24,857.30","24,839.40","24,971.75","24,798.65","384.99B","0.09%"
"29-07-2024","24,836.10","24,943.30","24,999.75","24,774.60","354.97B","0.01%"
"26-07-2024","24,834.85","24,423.35","24,861.15","24,410.90","383.83B","1.76%"
"25-07-2024","24,406.10","24,230.95","24,426.15","24,210.80","391.82B","-0.03%"
"24-07-2024","24,413.50","24,444.95","24,504.25","24,307.25","366.62B","-0.27%"
"23-07-2024","24,479.05","24,568.90","24,582.55","24,074.20","436.41B","-0.12%"
"22-07-2024","24,509.25","24,445.75","24,595.20","24,362.30","324.19B","-0.09%"
"19-07-2024","24,530.90","24,853.80","24,854.80","24,508.15","343.77B","-1.09%"
"18-07-2024","24,800.85","24,543.80","24,837.75","24,504.45","350.92B","0.76%"
"16-07-2024","24,613.00","24,615.90","24,661.25","24,587.65","283.21B","0.11%"
"15-07-2024","24,586.70","24,587.60","24,635.05","24,522.75","305.40B","0.35%"
"12-07-2024","24,502.15","24,387.95","24,592.20","24,331.15","325.82B","0.77%"
"11-07-2024","24,315.95","24,396.55","24,402.65","24,193.75","306.40B","-0.03%"
"10-07-2024","24,324.45","24,459.85","24,461.05","24,141.80","292.26B","-0.45%"
"09-07-2024","24,433.20","24,351.00","24,443.60","24,331.90","250.54B","0.46%"
"08-07-2024","24,320.55","24,329.45","24,344.60","24,240.55","266.30B","-0.01%"
"05-07-2024","24,323.85","24,213.35","24,363.00","24,168.85","298.38B","0.09%"
"04-07-2024","24,302.15","24,369.95","24,401.00","24,281.00","251.19B","0.06%"
"03-07-2024","24,286.50","24,291.75","24,309.15","24,207.10","289.20B","0.67%"
"02-07-2024","24,123.85","24,228.75","24,236.35","24,056.40","309.63B","-0.07%"
"01-07-2024","24,141.95","23,992.95","24,164.00","23,992.70","242.47B","0.55%"
"28-06-2024","24,010.60","24,085.90","24,174.00","23,985.80","354.78B","-0.14%"
"27-06-2024","24,044.50","23,881.55","24,087.45","23,805.40","515.23B","0.74%"
"26-06-2024","23,868.80","23,723.10","23,889.90","23,670.45","287.82B","0.62%"
"25-06-2024","23,721.30","23,577.10","23,754.15","23,562.05","298.11B","0.78%"
"24-06-2024","23,537.85","23,382.30","23,558.10","23,350.00","239.36B","0.16%"
"21-06-2024","23,501.10","23,661.15","23,667.10","23,398.20","609.88B","-0.28%"
"20-06-2024","23,567.00","23,586.15","23,624.00","23,442.60","280.34B","0.22%"
"19-06-2024","23,516.00","23,629.85","23,664.00","23,412.90","328.81B","-0.18%"
"18-06-2024","23,557.90","23,570.80","23,579.05","23,499.70","272.21B","0.39%"
"14-06-2024","23,465.60","23,464.95","23,490.40","23,334.25","223.09B","0.29%"
"13-06-2024","23,398.90","23,480.95","23,481.05","23,353.90","268.28B","0.33%"
"12-06-2024","23,322.95","23,344.45","23,441.95","23,295.95","295.63B","0.25%"
"11-06-2024","23,264.85","23,283.75","23,389.45","23,206.65","305.19B","0.02%"
"10-06-2024","23,259.20","23,319.15","23,411.90","23,227.15","304.39B","-0.13%"
"07-06-2024","23,290.15","22,821.85","23,320.20","22,789.05","473.55B","2.05%"
"06-06-2024","22,821.40","22,798.60","22,910.15","22,642.60","480.41B","0.89%"
"05-06-2024","22,620.35","22,128.35","22,670.40","21,791.95","638.49B","3.36%"
"04-06-2024","21,884.50","23,179.50","23,179.50","21,281.45","1,006.11B","-5.93%"
"03-06-2024","23,263.90","23,337.90","23,338.70","23,062.30","569.43B","3.25%"
"31-05-2024","22,530.70","22,568.10","22,653.75","22,465.10","572.12B","0.19%"
"30-05-2024","22,488.65","22,617.45","22,705.75","22,417.00","373.37B","-0.95%"
"29-05-2024","22,704.70","22,762.75","22,825.50","22,685.45","269.93B","-0.80%"
"28-05-2024","22,888.15","22,977.15","22,998.55","22,858.50","217.89B","-0.19%"
"27-05-2024","22,932.45","23,038.95","23,110.80","22,871.20","260.01B","-0.11%"
"24-05-2024","22,957.10","22,930.75","23,026.40","22,908.00","261.93B","-0.05%"
"23-05-2024","22,967.65","22,614.10","22,993.60","22,577.45","369.77B","1.64%"
"22-05-2024","22,597.80","22,576.60","22,629.50","22,483.15","290.35B","0.31%"
"21-05-2024","22,529.05","22,404.55","22,591.10","22,404.55","347.59B","0.12%"
"18-05-2024","22,502.00","22,512.85","22,520.25","22,470.05","19.06B","0.16%"
"17-05-2024","22,466.10","22,415.25","22,502.15","22,345.65","242.65B","0.28%"
"16-05-2024","22,403.85","22,319.20","22,432.25","22,054.55","368.95B","0.92%"
"15-05-2024","22,200.55","22,255.60","22,297.55","22,151.75","231.94B","-0.08%"
"14-05-2024","22,217.85","22,112.90","22,270.05","22,081.25","230.24B","0.51%"
"13-05-2024","22,104.05","22,027.95","22,131.65","21,821.05","278.19B","0.22%"
"10-05-2024","22,055.20","21,990.95","22,131.30","21,950.30","265.80B","0.44%"
"09-05-2024","21,957.50","22,224.80","22,307.75","21,932.40","331.33B","-1.55%"
"08-05-2024","22,302.50","22,231.20","22,368.65","22,185.20","277.44B","0.00%"
"07-05-2024","22,302.50","22,489.75","22,499.05","22,232.05","297.82B","-0.62%"
"06-05-2024","22,442.70","22,561.60","22,588.80","22,409.45","320.26B","-0.15%"
"03-05-2024","22,475.85","22,766.35","22,794.70","22,348.05","438.06B","-0.76%"
"02-05-2024","22,648.20","22,567.85","22,710.50","22,567.85","445.91B","0.19%"
"30-04-2024","22,604.85","22,679.65","22,783.35","22,568.40","361.86B","-0.17%"
"29-04-2024","22,643.40","22,475.55","22,655.80","22,441.90","291.96B","1.00%"
"26-04-2024","22,419.95","22,620.40","22,620.40","22,385.55","329.89B","-0.67%"
"25-04-2024","22,570.35","22,316.90","22,625.95","22,305.25","475.04B","0.75%"
"24-04-2024","22,402.40","22,421.55","22,476.45","22,384.00","235.90B","0.15%"
"23-04-2024","22,368.00","22,447.05","22,447.55","22,349.45","231.52B","0.14%"
"22-04-2024","22,336.40","22,336.90","22,375.65","22,198.15","279.26B","0.86%"
"19-04-2024","22,147.00","21,861.50","22,179.55","21,777.65","362.53B","0.69%"
"18-04-2024","21,995.85","22,212.35","22,326.50","21,961.70","456.91B","-0.69%"
"16-04-2024","22,147.90","22,125.30","22,213.75","22,079.45","317.27B","-0.56%"
"15-04-2024","22,272.50","22,339.05","22,427.45","22,259.55","355.47B","-1.10%"
"12-04-2024","22,519.40","22,677.40","22,726.45","22,503.75","357.19B","-1.03%"
"10-04-2024","22,753.80","22,720.25","22,775.70","22,673.70","276.85B","0.49%"
"09-04-2024","22,642.75","22,765.10","22,768.40","22,612.25","232.36B","-0.10%"
"08-04-2024","22,666.30","22,578.35","22,697.30","22,550.35","227.63B","0.68%"
"05-04-2024","22,513.70","22,486.40","22,537.60","22,427.60","242.24B","0.00%"
"04-04-2024","22,514.65","22,592.10","22,619.00","22,303.80","400.99B","0.36%"
"03-04-2024","22,434.65","22,385.70","22,521.10","22,346.50","309.65B","-0.08%"
"02-04-2024","22,453.30","22,458.80","22,497.60","22,388.15","289.52B","-0.04%"
"01-04-2024","22,462.00","22,455.00","22,529.95","22,427.75","243.64B","0.61%"
"28-03-2024","22,326.90","22,163.60","22,516.00","22,163.60","410.53B","0.92%"
"27-03-2024","22,123.65","22,053.95","22,193.60","22,052.85","409.14B","0.54%"
"26-03-2024","22,004.70","21,947.90","22,073.20","21,947.55","328.40B","-0.42%"
"22-03-2024","22,096.75","21,932.20","22,180.70","21,883.30","388.66B","0.39%"
"21-03-2024","22,011.95","21,989.90","22,080.95","21,941.30","353.17B","0.79%"
"20-03-2024","21,839.10","21,843.90","21,930.90","21,710.20","312.41B","0.10%"
"19-03-2024","21,817.45","21,946.45","21,978.30","21,793.10","344.16B","-1.08%"
"18-03-2024","22,055.70","21,990.10","22,123.70","21,916.55","356.32B","0.15%"
"15-03-2024","22,023.35","22,064.85","22,120.90","21,931.70","661.46B","-0.56%"
"14-03-2024","22,146.65","21,982.55","22,204.60","21,917.50","426.74B","0.68%"
"13-03-2024","21,997.70","22,432.20","22,446.75","21,905.65","493.34B","-1.51%"
"12-03-2024","22,335.70","22,334.45","22,452.55","22,256.00","299.20B","0.01%"
"11-03-2024","22,332.65","22,517.50","22,526.60","22,307.25","277.90B","-0.72%"
"07-03-2024","22,493.55","22,505.30","22,525.65","22,430.00","379.87B","0.09%"
"06-03-2024","22,474.05","22,327.50","22,497.20","22,224.35","312.26B","0.53%"
"05-03-2024","22,356.30","22,371.25","22,416.90","22,269.15","296.15B","-0.22%"
"04-03-2024","22,405.60","22,403.50","22,440.90","22,358.30","298.79B","0.12%"
"02-03-2024","22,378.40","22,406.95","22,419.55","22,367.05","35.76B","0.18%"
"01-03-2024","22,338.75","22,048.30","22,353.30","22,047.75","351.50B","1.62%"
"29-02-2024","21,982.80","21,935.20","22,060.55","21,860.65","360.17B","0.14%"
"28-02-2024","21,951.15","22,214.10","22,229.15","21,915.85","202.95B","-1.11%"
"27-02-2024","22,198.35","22,090.20","22,218.25","22,085.65","252.20B","0.34%"
"26-02-2024","22,122.05","22,169.20","22,202.15","22,075.15","207.78B","-0.41%"
"23-02-2024","22,212.70","22,290.00","22,297.50","22,186.10","225.98B","-0.02%"
"22-02-2024","22,217.45","22,081.55","22,252.50","21,875.25","343.50B","0.74%"
"21-02-2024","22,055.05","22,248.85","22,249.40","21,997.95","364.55B","-0.64%"
"20-02-2024","22,196.95","22,099.20","22,215.60","22,045.85","295.71B","0.34%"
"19-02-2024","22,122.25","22,103.45","22,186.65","22,021.05","","0.37%"
"16-02-2024","22,040.70","22,020.30","22,068.65","21,968.95","343.89B","0.59%"
"15-02-2024","21,910.75","21,906.55","21,953.85","21,794.80","345.39B","0.32%"
"14-02-2024","21,840.05","21,578.15","21,870.85","21,530.20","359.12B","0.45%"
"13-02-2024","21,743.25","21,664.30","21,766.80","21,543.35","365.79B","0.59%"
"12-02-2024","21,616.05","21,800.80","21,831.70","21,574.75","287.44B","-0.76%"
"09-02-2024","21,782.50","21,727.00","21,804.45","21,629.90","349.22B","0.30%"
"08-02-2024","21,717.95","22,009.65","22,011.05","21,665.30","491.07B","-0.97%"
"07-02-2024","21,930.50","22,045.05","22,053.30","21,860.15","346.26B","0.01%"
"06-02-2024","21,929.40","21,825.20","21,951.40","21,737.55","370.97B","0.72%"
"05-02-2024","21,771.70","21,921.05","21,964.30","21,726.95","440.85B","-0.38%"
"02-02-2024","21,853.80","21,812.75","22,126.80","21,805.55","442.79B","0.72%"
"01-02-2024","21,697.45","21,780.65","21,832.95","21,658.75","332.54B","-0.13%"
"31-01-2024","21,725.70","21,487.25","21,741.35","21,448.85","410.58B","0.95%"
"30-01-2024","21,522.10","21,775.75","21,813.05","21,501.80","375.14B","-0.99%"
"29-01-2024","21,737.60","21,433.10","21,763.25","21,429.60","376.70B","1.80%"
"25-01-2024","21,352.60","21,454.60","21,459.00","21,247.05","418.14B","-0.47%"
"24-01-2024","21,453.95","21,185.25","21,482.35","21,137.20","407.46B","1.01%"
"23-01-2024","21,238.80","21,716.70","21,750.25","21,192.60","449.72B","-1.54%"
"20-01-2024","21,571.80","21,706.15","21,720.30","21,541.80","","-0.23%"
"19-01-2024","21,622.40","21,615.20","21,670.60","21,575.00","343.06B","0.75%"
"18-01-2024","21,462.25","21,414.20","21,539.40","21,285.55","387.34B","-0.51%"
"17-01-2024","21,571.95","21,647.25","21,851.50","21,550.45","456.00B","-2.09%"
"16-01-2024","22,032.30","22,080.50","22,124.15","21,969.80","292.43B","-0.29%"
"15-01-2024","22,097.45","22,053.15","22,115.55","21,963.55","345.54B","0.93%"
"12-01-2024","21,894.55","21,773.55","21,928.25","21,715.15","294.68B","1.14%"
"11-01-2024","21,647.20","21,688.00","21,726.50","21,593.75","212.45B","0.13%"
"10-01-2024","21,618.70","21,529.30","21,641.85","21,448.65","216.99B","0.34%"
"09-01-2024","21,544.85","21,653.60","21,724.45","21,517.85","228.57B","0.15%"
"08-01-2024","21,513.00","21,747.60","21,763.95","21,492.90","231.45B","-0.91%"
"05-01-2024","21,710.80","21,705.75","21,749.60","21,629.20","309.30B","0.24%"
"04-01-2024","21,658.60","21,605.80","21,685.65","21,564.55","339.17B","0.66%"
"03-01-2024","21,517.35","21,661.10","21,677.00","21,500.35","311.93B","-0.69%"
"02-01-2024","21,665.80","21,751.35","21,755.60","21,555.65","263.71B","-0.35%"
"01-01-2024","21,741.90","21,727.75","21,834.35","21,680.85","154.00B","0.05%"
"29-12-2023","21,731.40","21,737.65","21,770.30","21,676.90","270.92B","-0.22%"
"28-12-2023","21,778.70","21,715.00","21,801.45","21,678.00","393.08B","0.57%"
"27-12-2023","21,654.75","21,497.65","21,675.75","21,495.80","256.54B","1.00%"
"26-12-2023","21,441.35","21,365.20","21,477.15","21,329.45","219.47B","0.43%"
"22-12-2023","21,349.40","21,295.85","21,390.50","21,232.45","284.71B","0.44%"
"21-12-2023","21,255.05","21,033.95","21,288.35","20,976.80","277.55B","0.50%"
"20-12-2023","21,150.15","21,543.50","21,593.00","21,087.35","363.89B","-1.41%"
"19-12-2023","21,453.10","21,477.65","21,505.05","21,337.75","249.75B","0.16%"
"18-12-2023","21,418.65","21,434.80","21,482.80","21,365.35","249.67B","-0.18%"
"15-12-2023","21,456.65","21,287.45","21,492.30","21,235.30","508.76B","1.29%"
"14-12-2023","21,182.70","21,110.40","21,210.90","21,074.45","334.41B","1.23%"
"13-12-2023","20,926.35","20,929.75","20,950.00","20,769.50","260.27B","0.10%"
"12-12-2023","20,906.40","21,018.55","21,037.90","20,867.15","244.87B","-0.43%"
"11-12-2023","20,997.10","20,965.30","21,026.10","20,923.70","212.92B","0.13%"
"08-12-2023","20,969.40","20,934.10","21,006.10","20,862.70","292.44B","0.33%"
"07-12-2023","20,901.15","20,932.40","20,941.25","20,850.80","274.99B","-0.17%"
"06-12-2023","20,937.70","20,950.75","20,961.95","20,852.15","359.21B","0.40%"
"05-12-2023","20,855.10","20,808.90","20,864.05","20,711.15","421.01B","0.81%"
"04-12-2023","20,686.80","20,601.95","20,702.65","20,507.75","381.11B","2.07%"
"01-12-2023","20,267.90","20,194.10","20,291.55","20,183.70","265.81B","0.67%"
"30-11-2023","20,133.15","20,108.50","20,158.70","20,015.85","486.59B","0.18%"
"29-11-2023","20,096.60","19,976.55","20,104.65","19,956.30","236.24B","1.04%"
"28-11-2023","19,889.70","19,844.65","19,916.85","19,800.00","229.60B","0.48%"
"24-11-2023","19,794.70","19,809.60","19,832.85","19,768.85","145.90B","-0.04%"
"23-11-2023","19,802.00","19,828.45","19,875.15","19,786.75","170.02B","-0.05%"
"22-11-2023","19,811.85","19,784.00","19,825.55","19,703.85","184.50B","0.14%"
"21-11-2023","19,783.40","19,770.90","19,829.10","19,754.05","194.97B","0.45%"
"20-11-2023","19,694.00","19,731.15","19,756.45","19,670.50","173.78B","-0.19%"
"17-11-2023","19,731.80","19,674.75","19,806.00","19,667.45","236.83B","-0.17%"
"16-11-2023","19,765.20","19,674.70","19,875.25","19,627.00","282.69B","0.46%"
"15-11-2023","19,675.45","19,651.40","19,693.20","19,579.65","291.47B","1.19%"
"13-11-2023","19,443.55","19,486.75","19,494.40","19,414.75","189.28B","-0.42%"
"12-11-2023","19,525.55","19,547.25","19,547.25","19,510.25","37.31B","0.52%"
"10-11-2023","19,425.35","19,351.85","19,451.30","19,329.45","152.22B","0.15%"
"09-11-2023","19,395.30","19,457.40","19,463.90","19,378.35","208.42B","-0.25%"
"08-11-2023","19,443.50","19,449.60","19,464.40","19,401.50","194.97B","0.19%"
"07-11-2023","19,406.70","19,404.05","19,423.50","19,329.10","198.66B","-0.03%"
"06-11-2023","19,411.75","19,345.85","19,423.00","19,309.70","180.69B","0.94%"
"03-11-2023","19,230.60","19,241.00","19,276.25","19,210.90","189.52B","0.51%"
"02-11-2023","19,133.25","19,120.00","19,175.25","19,064.15","245.60B","0.76%"
"01-11-2023","18,989.15","19,064.05","19,096.05","18,973.70","194.10B","-0.47%"
"31-10-2023","19,079.60","19,232.95","19,233.70","19,056.45","206.05B","-0.32%"
"30-10-2023","19,140.90","19,053.40","19,158.50","18,940.00","180.13B","0.49%"
"27-10-2023","19,047.25","18,928.75","19,076.15","18,926.65","205.20B","1.01%"
"26-10-2023","18,857.25","19,027.25","19,041.70","18,837.85","300.36B","-1.39%"
"25-10-2023","19,122.15","19,286.45","19,347.30","19,074.15","225.29B","-0.83%"
"23-10-2023","19,281.75","19,521.60","19,556.85","19,257.85","176.04B","-1.34%"
"20-10-2023","19,542.65","19,542.15","19,593.80","19,518.70","198.34B","-0.42%"
"19-10-2023","19,624.70","19,545.20","19,681.80","19,512.35","230.31B","-0.24%"
"18-10-2023","19,671.10","19,820.45","19,840.95","19,659.95","198.94B","-0.71%"
"17-10-2023","19,811.50","19,843.20","19,849.75","19,775.65","185.85B","0.40%"
"16-10-2023","19,731.75","19,737.25","19,781.30","19,691.85","180.96B","-0.10%"
"13-10-2023","19,751.05","19,654.55","19,805.40","19,635.30","254.96B","-0.22%"
"12-10-2023","19,794.00","19,822.70","19,843.30","19,772.65","217.90B","-0.09%"
"11-10-2023","19,811.35","19,767.00","19,839.20","19,756.95","213.73B","0.62%"
"10-10-2023","19,689.85","19,565.60","19,717.80","19,565.45","216.56B","0.91%"
"09-10-2023","19,512.35","19,539.45","19,588.95","19,480.50","165.09B","-0.72%"
"06-10-2023","19,653.50","19,621.20","19,675.75","19,589.40","159.05B","0.55%"
"05-10-2023","19,545.75","19,521.85","19,576.95","19,487.30","234.87B","0.56%"
"04-10-2023","19,436.10","19,446.30","19,457.80","19,333.60","277.15B","-0.47%"
"03-10-2023","19,528.75","19,622.40","19,623.20","19,479.65","221.72B","-0.56%"
"29-09-2023","19,638.30","19,581.20","19,726.25","19,551.05","243.51B","0.59%"
"28-09-2023","19,523.55","19,761.80","19,766.65","19,492.10","352.81B","-0.98%"
"27-09-2023","19,716.45","19,637.05","19,730.70","19,554.00","203.56B","0.26%"
"26-09-2023","19,664.70","19,682.80","19,699.35","19,637.45","204.87B","-0.05%"
"25-09-2023","19,674.55","19,678.20","19,734.15","19,601.55","188.40B","0.00%"
"22-09-2023","19,674.25","19,744.85","19,798.65","19,657.50","246.41B","-0.34%"
"21-09-2023","19,742.35","19,840.55","19,848.75","19,709.95","275.13B","-0.80%"
"20-09-2023","19,901.40","19,980.75","20,050.65","19,878.85","378.07B","-1.15%"
"18-09-2023","20,133.30","20,155.95","20,195.35","20,115.70","264.87B","-0.29%"
"15-09-2023","20,192.35","20,156.45","20,222.45","20,129.70","438.19B","0.44%"
"14-09-2023","20,103.10","20,127.95","20,167.65","20,043.45","275.11B","0.16%"
"13-09-2023","20,070.00","19,989.50","20,096.90","19,944.10","251.39B","0.38%"
"12-09-2023","19,993.20","20,110.15","20,110.35","19,914.65","328.06B","-0.02%"
"11-09-2023","19,996.35","19,890.00","20,008.15","19,865.35","248.76B","0.89%"
"08-09-2023","19,819.95","19,774.80","19,867.15","19,727.05","288.09B","0.47%"
"07-09-2023","19,727.05","19,598.65","19,737.00","19,550.05","304.93B","0.59%"
"06-09-2023","19,611.05","19,581.20","19,636.45","19,491.50","287.56B","0.18%"
"05-09-2023","19,574.90","19,564.65","19,587.05","19,525.75","256.83B","0.24%"
"04-09-2023","19,528.80","19,525.05","19,545.15","19,432.85","296.82B","0.48%"
"01-09-2023","19,435.30","19,258.15","19,458.55","19,255.70","333.02B","0.94%"
"31-08-2023","19,253.80","19,375.55","19,388.20","19,223.65","562.56B","-0.48%"
"30-08-2023","19,347.45","19,433.45","19,452.80","19,334.75","233.00B","0.02%"
"29-08-2023","19,342.65","19,374.85","19,377.90","19,309.10","307.39B","0.19%"
"28-08-2023","19,306.05","19,298.35","19,366.85","19,249.70","248.18B","0.21%"
"25-08-2023","19,265.80","19,297.40","19,339.55","19,229.70","466.52B","-0.62%"
"24-08-2023","19,386.70","19,535.15","19,584.45","19,369.00","268.26B","-0.29%"
"23-08-2023","19,444.00","19,439.20","19,472.05","19,366.60","225.21B","0.25%"
"22-08-2023","19,396.45","19,417.10","19,443.50","19,381.30","208.70B","0.01%"
"21-08-2023","19,393.60","19,320.65","19,425.95","19,296.30","262.59B","0.43%"
"18-08-2023","19,310.15","19,301.75","19,373.80","19,253.60","256.14B","-0.28%"
"17-08-2023","19,365.25","19,450.55","19,461.55","19,326.25","268.66B","-0.51%"
"16-08-2023","19,465.00","19,369.00","19,482.75","19,317.20","226.63B","0.16%"
"14-08-2023","19,434.55","19,383.95","19,465.85","19,257.90","243.85B","0.03%"
"11-08-2023","19,428.30","19,554.25","19,557.75","19,412.75","235.52B","-0.59%"
"10-08-2023","19,543.10","19,605.55","19,623.60","19,495.40","312.19B","-0.46%"
"09-08-2023","19,632.55","19,578.80","19,645.50","19,467.50","266.50B","0.32%"
"08-08-2023","19,570.85","19,627.20","19,634.40","19,533.10","260.29B","-0.13%"
"07-08-2023","19,597.30","19,576.85","19,620.45","19,524.80","216.59B","0.41%"
"04-08-2023","19,517.00","19,462.80","19,538.85","19,436.45","280.80B","0.70%"
"03-08-2023","19,381.65","19,463.75","19,537.65","19,296.45","315.69B","-0.74%"
"02-08-2023","19,526.55","19,655.40","19,678.25","19,423.55","290.67B","-1.05%"
"01-08-2023","19,733.55","19,784.00","19,795.60","19,704.60","298.05B","-0.10%"
"31-07-2023","19,753.80","19,666.35","19,772.75","19,597.60","295.05B","0.55%"
"28-07-2023","19,646.05","19,659.75","19,695.90","19,563.10","258.67B","-0.07%"
"27-07-2023","19,659.90","19,850.90","19,867.55","19,603.55","334.89B","-0.60%"
"26-07-2023","19,778.30","19,733.35","19,825.60","19,716.70","244.75B","0.50%"
"25-07-2023","19,680.60","19,729.35","19,729.35","19,615.95","369.65B","0.04%"
"24-07-2023","19,672.35","19,748.45","19,782.75","19,658.30","265.56B","-0.37%"
"21-07-2023","19,745.00","19,800.45","19,887.40","19,700.00","312.46B","-1.17%"
"20-07-2023","19,979.15","19,831.70","19,991.85","19,758.40","274.70B","0.74%"
"19-07-2023","19,833.15","19,802.95","19,851.70","19,727.45","259.66B","0.42%"
"18-07-2023","19,749.25","19,787.50","19,819.45","19,690.20","286.35B","0.19%"
"17-07-2023","19,711.45","19,612.15","19,731.85","19,562.95","268.71B","0.75%"
"14-07-2023","19,564.50","19,493.45","19,595.35","19,433.50","291.17B","0.78%"
"13-07-2023","19,413.75","19,495.20","19,567.00","19,385.80","310.44B","0.15%"
"12-07-2023","19,384.30","19,497.45","19,507.70","19,361.75","327.94B","-0.28%"
"11-07-2023","19,439.40","19,427.10","19,515.10","19,406.45","251.26B","0.43%"
"10-07-2023","19,355.90","19,400.35","19,435.85","19,327.10","268.25B","0.12%"
"07-07-2023","19,331.80","19,422.80","19,523.60","19,303.60","237.10B","-0.85%"
"06-07-2023","19,497.30","19,385.70","19,512.20","19,373.00","268.26B","0.51%"
"05-07-2023","19,398.50","19,405.95","19,421.60","19,339.60","224.42B","0.05%"
"04-07-2023","19,389.00","19,406.60","19,434.15","19,300.00","226.92B","0.34%"
"03-07-2023","19,322.55","19,246.50","19,345.10","19,234.40","226.05B","0.70%"
"30-06-2023","19,189.05","19,076.85","19,201.70","19,024.60","247.91B","1.14%"
"28-06-2023","18,972.10","18,908.15","19,011.25","18,861.35","398.78B","0.82%"
"27-06-2023","18,817.40","18,748.55","18,829.25","18,714.25","222.46B","0.68%"
"26-06-2023","18,691.20","18,682.35","18,722.05","18,646.70","171.27B","0.14%"
"23-06-2023","18,665.50","18,741.85","18,756.40","18,647.10","210.56B","-0.56%"
"22-06-2023","18,771.25","18,853.60","18,886.60","18,759.50","252.70B","-0.45%"
"21-06-2023","18,856.85","18,849.40","18,875.90","18,794.85","217.48B","0.21%"
"20-06-2023","18,816.70","18,752.35","18,839.70","18,660.65","211.65B","0.33%"
"19-06-2023","18,755.45","18,873.30","18,881.45","18,719.15","219.82B","-0.37%"
"16-06-2023","18,826.00","18,723.30","18,864.70","18,710.50","272.77B","0.74%"
"15-06-2023","18,688.10","18,774.45","18,794.10","18,669.05","263.00B","-0.36%"
"14-06-2023","18,755.90","18,744.60","18,769.70","18,690.00","261.35B","0.21%"
"13-06-2023","18,716.15","18,631.80","18,728.90","18,631.80","233.17B","0.62%"
"12-06-2023","18,601.50","18,595.05","18,633.60","18,559.75","179.46B","0.21%"
"09-06-2023","18,563.40","18,655.90","18,676.65","18,555.40","221.76B","-0.38%"
"08-06-2023","18,634.55","18,725.35","18,777.90","18,615.60","286.47B","-0.49%"
"07-06-2023","18,726.40","18,665.60","18,738.95","18,636.00","260.11B","0.68%"
"06-06-2023","18,599.00","18,600.80","18,622.75","18,531.60","220.79B","0.03%"
"05-06-2023","18,593.85","18,612.00","18,640.15","18,582.80","256.11B","0.32%"
"02-06-2023","18,534.10","18,550.85","18,573.70","18,478.40","270.92B","0.25%"
"01-06-2023","18,487.75","18,579.40","18,580.30","18,464.55","265.63B","-0.25%"
"31-05-2023","18,534.40","18,594.20","18,603.90","18,483.85","696.50B","-0.53%"
"30-05-2023","18,633.85","18,606.65","18,662.45","18,575.50","234.39B","0.19%"
"29-05-2023","18,598.65","18,619.15","18,641.20","18,581.25","265.32B","0.54%"
"26-05-2023","18,499.35","18,368.35","18,508.55","18,333.15","198.67B","0.97%"
"25-05-2023","18,321.15","18,268.90","18,338.10","18,202.40","235.92B","0.20%"
"24-05-2023","18,285.40","18,294.80","18,392.60","18,262.95","232.62B","-0.34%"
"23-05-2023","18,348.00","18,362.90","18,419.75","18,324.20","270.35B","0.18%"
"22-05-2023","18,314.40","18,201.10","18,335.25","18,178.85","262.56B","0.61%"
"19-05-2023","18,203.40","18,186.15","18,218.10","18,060.40","260.90B","0.41%"
"18-05-2023","18,129.95","18,287.50","18,297.20","18,104.85","272.10B","-0.28%"
"17-05-2023","18,181.75","18,300.45","18,309.00","18,115.35","229.90B","-0.57%"
"16-05-2023","18,286.50","18,432.35","18,432.35","18,264.35","219.49B","-0.61%"
"15-05-2023","18,398.85","18,339.30","18,458.90","18,287.90","216.09B","0.46%"
"12-05-2023","18,314.80","18,273.75","18,342.75","18,194.55","241.70B","0.10%"
"11-05-2023","18,297.00","18,357.80","18,389.70","18,270.40","248.93B","-0.10%"
"10-05-2023","18,315.10","18,313.60","18,326.75","18,211.95","220.45B","0.27%"
"09-05-2023","18,265.95","18,303.40","18,344.20","18,229.65","245.37B","0.01%"
"08-05-2023","18,264.40","18,120.60","18,286.95","18,100.30","228.40B","1.08%"
"05-05-2023","18,069.00","18,117.30","18,216.95","18,055.45","239.70B","-1.02%"
"04-05-2023","18,255.80","18,081.00","18,267.45","18,066.70","226.64B","0.92%"
"03-05-2023","18,089.85","18,113.80","18,116.35","18,042.40","226.17B","-0.32%"
"02-05-2023","18,147.65","18,124.80","18,180.25","18,101.75","265.22B","0.46%"
"28-04-2023","18,065.00","17,950.40","18,089.15","17,885.30","290.26B","0.84%"
"27-04-2023","17,915.05","17,813.10","17,931.60","17,797.90","241.43B","0.57%"
"26-04-2023","17,813.60","17,767.30","17,827.75","17,711.20","233.01B","0.25%"
"25-04-2023","17,769.25","17,761.55","17,807.45","17,716.85","297.45B","0.15%"
"24-04-2023","17,743.40","17,707.55","17,754.50","17,612.50","255.74B","0.68%"
"21-04-2023","17,624.05","17,639.75","17,663.20","17,553.95","230.16B","0.00%"
"20-04-2023","17,624.45","17,638.60","17,684.45","17,584.35","215.10B","0.03%"
"19-04-2023","17,618.75","17,653.35","17,666.15","17,579.85","281.46B","-0.23%"
"18-04-2023","17,660.15","17,766.60","17,766.60","17,610.20","258.86B","-0.26%"
"17-04-2023","17,706.85","17,863.00","17,863.00","17,574.05","357.40B","-0.68%"
"13-04-2023","17,828.00","17,807.30","17,842.15","17,729.65","285.76B","0.09%"
"12-04-2023","17,812.40","17,759.55","17,825.75","17,717.25","232.82B","0.51%"
"11-04-2023","17,722.30","17,704.80","17,748.75","17,655.15","304.26B","0.56%"
"10-04-2023","17,624.05","17,634.90","17,694.10","17,597.95","254.82B","0.14%"
"06-04-2023","17,599.15","17,533.85","17,638.70","17,502.85","242.71B","0.24%"
"05-04-2023","17,557.05","17,422.30","17,570.55","17,402.70","248.35B","0.91%"
"03-04-2023","17,398.05","17,427.95","17,428.05","17,312.75","230.17B","0.22%"
"31-03-2023","17,359.75","17,210.35","17,381.60","17,204.65","263.89B","1.63%"
"29-03-2023","17,080.70","16,977.30","17,126.15","16,940.60","345.91B","0.76%"
"28-03-2023","16,951.70","17,031.75","17,061.75","16,913.75","238.84B","-0.20%"
"27-03-2023","16,985.70","16,984.30","17,091.00","16,918.55","218.42B","0.24%"
"24-03-2023","16,945.05","17,076.20","17,109.45","16,917.35","228.04B","-0.77%"
"23-03-2023","17,076.90","17,097.40","17,205.40","17,045.30","219.17B","-0.44%"
"22-03-2023","17,151.90","17,177.45","17,207.25","17,107.85","","0.26%"
"21-03-2023","17,107.50","17,060.40","17,127.70","17,016.00","246.74B","0.70%"
"20-03-2023","16,988.40","17,066.60","17,066.60","16,828.35","241.78B","-0.65%"
"17-03-2023","17,100.05","17,111.80","17,145.80","16,958.15","408.12B","0.67%"
"16-03-2023","16,985.60","16,994.65","17,062.45","16,850.15","349.82B","0.08%"
"15-03-2023","16,972.15","17,166.45","17,211.35","16,938.90","248.19B","-0.42%"
"14-03-2023","17,043.30","17,160.55","17,224.65","16,987.10","290.60B","-0.65%"
"13-03-2023","17,154.30","17,421.90","17,529.90","17,113.45","254.91B","-1.49%"
"10-03-2023","17,412.90","17,443.80","17,451.50","17,324.35","235.93B","-1.00%"
"09-03-2023","17,589.60","17,772.05","17,772.35","17,573.60","262.35B","-0.93%"
"08-03-2023","17,754.40","17,665.75","17,766.50","17,602.25","267.04B","0.24%"
"06-03-2023","17,711.45","17,680.35","17,799.95","17,671.95","362.80B","0.67%"
"03-03-2023","17,594.35","17,451.25","17,644.75","17,427.70","356.17B","1.57%"
"02-03-2023","17,321.90","17,421.50","17,445.80","17,306.00","310.67B","-0.74%"
"01-03-2023","17,450.90","17,360.10","17,467.75","17,345.25","272.88B","0.85%"
"28-02-2023","17,303.95","17,383.25","17,440.45","17,255.20","420.88B","-0.51%"
"27-02-2023","17,392.70","17,428.60","17,451.60","17,299.00","246.45B","-0.42%"
"24-02-2023","17,465.80","17,591.35","17,599.75","17,421.80","209.41B","-0.26%"
"23-02-2023","17,511.25","17,574.65","17,620.05","17,455.40","240.81B","-0.25%"
"22-02-2023","17,554.30","17,755.35","17,772.50","17,529.45","204.02B","-1.53%"
"21-02-2023","17,826.70","17,905.80","17,924.90","17,800.30","198.25B","-0.10%"
"20-02-2023","17,844.60","17,965.55","18,004.35","17,818.40","174.56B","-0.56%"
"17-02-2023","17,944.20","17,974.85","18,034.25","17,884.60","208.05B","-0.51%"
"16-02-2023","18,035.85","18,094.75","18,134.75","18,000.65","230.25B","0.11%"
"15-02-2023","18,015.85","17,896.60","18,034.10","17,853.80","229.27B","0.48%"
"14-02-2023","17,929.85","17,840.35","17,954.55","17,800.05","244.51B","0.89%"
"13-02-2023","17,770.90","17,859.10","17,880.70","17,719.75","231.28B","-0.48%"
"10-02-2023","17,856.50","17,847.55","17,876.95","17,801.00","231.99B","-0.21%"
"09-02-2023","17,893.45","17,885.50","17,916.90","17,779.80","260.85B","0.12%"
"08-02-2023","17,871.70","17,750.30","17,898.70","17,744.15","290.99B","0.85%"
"07-02-2023","17,721.50","17,790.10","17,811.15","17,652.55","354.40B","-0.24%"
"06-02-2023","17,764.60","17,818.55","17,823.70","17,698.35","282.54B","-0.50%"
"03-02-2023","17,854.05","17,721.75","17,870.30","17,584.20","424.12B","1.38%"
"02-02-2023","17,610.40","17,517.10","17,653.90","17,445.95","490.11B","-0.03%"
"01-02-2023","17,616.30","17,811.60","17,972.20","17,353.40","512.87B","-0.26%"
"31-01-2023","17,662.15","17,731.45","17,735.70","17,537.55","398.34B","0.07%"
"30-01-2023","17,648.95","17,541.95","17,709.15","17,405.55","432.43B","0.25%"
"27-01-2023","17,604.35","17,877.20","17,884.75","17,493.55","476.34B","-1.61%"
"25-01-2023","17,891.95","18,093.35","18,100.60","17,846.15","257.23B","-1.25%"
"24-01-2023","18,118.30","18,183.95","18,201.25","18,078.65","216.91B","0.00%"
"23-01-2023","18,118.55","18,118.45","18,162.60","18,063.45","202.46B","0.50%"
"20-01-2023","18,027.65","18,115.60","18,145.45","18,016.20","237.23B","-0.44%"
"19-01-2023","18,107.85","18,119.80","18,155.20","18,063.75","237.83B","-0.32%"
"18-01-2023","18,165.35","18,074.30","18,183.75","18,032.45","255.84B","0.62%"
"17-01-2023","18,053.30","17,922.80","18,072.05","17,886.95","219.06B","0.89%"
"16-01-2023","17,894.85","18,033.15","18,049.65","17,853.65","206.20B","-0.34%"
"13-01-2023","17,956.60","17,867.50","17,999.35","17,774.25","256.70B","0.55%"
"12-01-2023","17,858.20","17,920.85","17,945.80","17,761.65","227.77B","-0.21%"
"11-01-2023","17,895.70","17,924.25","17,976.35","17,824.35","259.85B","-0.10%"
"10-01-2023","17,914.15","18,121.30","18,127.60","17,856.00","283.28B","-1.03%"
"09-01-2023","18,101.20","17,952.55","18,141.40","17,936.15","257.24B","1.35%"
"06-01-2023","17,859.45","18,008.05","18,047.40","17,795.55","238.22B","-0.74%"
"05-01-2023","17,992.15","18,101.95","18,120.30","17,892.60","269.95B","-0.28%"
"04-01-2023","18,042.95","18,230.65","18,243.00","18,020.60","235.16B","-1.04%"
"03-01-2023","18,232.55","18,163.20","18,251.95","18,149.80","208.70B","0.19%"
"02-01-2023","18,197.45","18,131.70","18,215.15","18,086.50","256.07B","0.51%"